F1@10,F1@30,F1@50,ndcg@10,ndcg@30,ndcg@50,ndcg@all,model
0.02745952111167467,0.06093966788839775,0.07726779367934514,0.02806885474781206,0.03771949992174143,0.04573042479786266,0.3141552158576379,topk
0.14164769579600905,0.15441100800641572,0.15255735603687115,0.5471165190392211,0.5352062601201523,0.5523085052569241,0.6823214712513439,sk-linear-regression
0.40060131711690317,0.3979759129278659,0.33936799846625215,0.9088121525109307,0.8710879431110871,0.8712618429901644,0.909122628851592,sk-lasso
0.40857588980124254,0.4142315576507913,0.35394818707592846,0.9227185907122197,0.8854060192925705,0.8850661668726525,0.9307965464991352,our-lasso
