F1@10,F1@30,F1@50,ndcg@10,ndcg@30,ndcg@50,ndcg@all,model
0.02745952111167467,0.06093966788839775,0.07726779367934514,0.02806885474781206,0.03771949992174143,0.04573042479786266,0.3141552158576379,topk
0.1599138573202206,0.17561719992398656,0.16934425043036677,0.5240564860556319,0.4705446843352952,0.4746163661369485,0.6543966491002818,sk-linear-regression
0.29141013810314664,0.2964746779182179,0.26170314521266674,0.6929267300753829,0.6265924428824936,0.6238294494569676,0.733783088385319,sk-lasso
0.31354603380334406,0.31492868934074775,0.27773141872320206,0.7577534972085339,0.6738869485717148,0.6699896506461971,0.794856661804879,our-lasso
